{
  "100000000": {
    "base": {
      "Tcharacter": {
        "level": 90,
        "cons": 6,
        "talent": {
          "talentLevel": {
            "a": 10,
            "e": 13,
            "q": 13
          },
          "a": {
            "一段伤害": 60.82,
            "二段伤害": 61.58,
            "三段伤害": 76.26,
            "四段伤害": 84.88,
            "五段伤害": 85,
            "五段伤害2": [
              21.25,
              4
            ],
            "六段伤害": 107.73,
            "重击伤害": 219.47,
            "下坠期间伤害": 126.38,
            "低空/高空坠地冲击伤害": [
              252.7,
              315.64
            ],
            "低空/高空坠地冲击伤害2": [
              252.7,
              315.64
            ]
          },
          "e": {
            "岩脊伤害/共鸣伤害": [
              34,
              68
            ],
            "岩脊伤害/共鸣伤害2": [
              34,
              68
            ],
            "长按伤害": 170,
            "护盾基础吸收量": 3389.43,
            "护盾附加吸收量": 27.2
          },
          "q": {
            "技能伤害": 1084,
            "石化时间": 4
          }
        }
      },
      "Tartis": {
        "来歆余响": 2,
        "悠古的磐岩": 2
      },
      "Tweapon": {
        "name": "护摩之杖",
        "affix": 5,
        "level": 90
      }
    },
    "dmg": {
      "T1": {
        "T1e1Dmg": {
          "dmg": 19810.760682174856,
          "avg": 19810.760682174856
        },
        "T1e2Dmg": {
          "dmg": 9116.135373958918,
          "avg": 9116.135373958918
        },
        "T1q1Dmg": {
          "dmg": 148156.98019561762,
          "avg": 148156.98019561762
        }
      },
      "T2": {}
    }
  }
}