{
  "100000000": {
    "base": {
      "Tcharacter": {
        "level": 90,
        "cons": 6,
        "talent": {
          "talentLevel": {
            "a": 10,
            "e": 13,
            "q": 13
          },
          "a": {
            "一段伤害": 97.67,
            "二段伤害": 92.58,
            "三段伤害": 120.26,
            "三段伤害2": [
              60.13,
              60.13
            ],
            "四段伤害": 148.5,
            "重击伤害": 214.7,
            "重击伤害2": [
              107.35,
              107.35
            ],
            "下坠期间伤害": 126.38,
            "低空/高空坠地冲击伤害": [
              252.7,
              315.64
            ],
            "低空/高空坠地冲击伤害2": [
              252.7,
              315.64
            ]
          },
          "e": {
            "袖伤害": 392.44,
            "袖伤害2": [
              174.42,
              218.02
            ],
            "上挑攻击伤害": 713.75,
            "上挑攻击伤害2": [
              317.22,
              396.53
            ]
          },
          "q": {
            "技能伤害": 1225.53,
            "技能伤害2": [
              544.68,
              680.85
            ]
          }
        }
      },
      "Tartis": {
        "华馆梦醒形骸记": 4
      },
      "Tweapon": {
        "name": "有乐御簾切",
        "affix": 5,
        "level": 90
      }
    },
    "dmg": {
      "T1": {
        "T1e1Dmg": {
          "dmg": 68325.37502361462,
          "avg": 68325.37502361462
        },
        "T1e2Dmg": {
          "dmg": 37567.0302175367,
          "avg": 37567.0302175367
        },
        "T1e3Dmg": {
          "dmg": 63863.95136981241,
          "avg": 63863.95136981241
        },
        "T1e4Dmg": {
          "dmg": 37567.0302175367,
          "avg": 37567.0302175367
        },
        "T1q1Dmg": {
          "dmg": 93717.49152800157,
          "avg": 93717.49152800157
        }
      },
      "T2": {}
    }
  }
}