{
  "100000000": {
    "base": {
      "Tartis": {
        "未竟的遐思": 4
      },
      "Tweapon": {
        "name": "柔灯挽歌",
        "affix": 5,
        "level": 90
      }
    },
    "dmg": {
      "T1": {
        "T1e2Dmg": {
          "dmg": 30693.05751639126,
          "avg": 30693.05751639126
        },
        "T1q1Dmg": {
          "dmg": 74533.37095117546,
          "avg": 74533.37095117546
        },
        "T1t1Dmg": {
          "dmg": 85974.95102630607,
          "avg": 85974.95102630607
        }
      },
      "T2": {}
    }
  },
  "131032158": {
    "base": {
      "Tartis": {
        "未竟的遐思": 4
      },
      "Tweapon": {
        "name": "柔灯挽歌",
        "affix": 5,
        "level": 90
      }
    },
    "dmg": {
      "T1": {
        "T1e2Dmg": {
          "dmg": 30693.05751639126,
          "avg": 30693.05751639126
        },
        "T1q1Dmg": {
          "dmg": 74533.37095117546,
          "avg": 74533.37095117546
        },
        "T1t1Dmg": {
          "dmg": 85974.95102630607,
          "avg": 85974.95102630607
        }
      },
      "T2": {}
    }
  }
}