{
  "100000000": {
    "base": {
      "Tcharacter": {
        "level": 90,
        "cons": 6,
        "talent": {
          "talentLevel": {
            "a": 13,
            "e": 10,
            "q": 13
          },
          "a": {
            "红死之宴提升": 288.4,
            "一段伤害": 113.78,
            "二段伤害": 124.81,
            "三段伤害": 156.62,
            "四段伤害": 177.96,
            "四段伤害2": [
              88.98,
              88.98
            ],
            "五段伤害": 167.63,
            "六段伤害": 204.51,
            "重击伤害": 217.54,
            "下坠期间伤害": 153.14,
            "低空/高空坠地冲击伤害": [
              306.22,
              382.48
            ],
            "低空/高空坠地冲击伤害2": [
              306.22,
              382.48
            ]
          },
          "e": {
            "尖刺伤害": 26.71,
            "切斩伤害": 240.41,
            "血偿勒令伤害": 57.24
          },
          "q": {
            "技能伤害": 787.1,
            "回复量": 300,
            "回复量2": [
              150,
              150
            ]
          }
        }
      },
      "Tweapon": {
        "name": "赤月之形",
        "affix": 5,
        "level": 90
      }
    },
    "dmg": {
      "T1": {
        "T1e1Dmg": {
          "dmg": 31415.251845616356,
          "avg": 29823.36578218207
        },
        "T1e2Dmg": {
          "dmg": 3490.2931525161725,
          "avg": 3313.431637794115
        },
        "T1e3Dmg": {
          "dmg": 7479.759642456971,
          "avg": 7100.742304280612
        },
        "T1e4Dmg": {
          "dmg": 117606.28368643038,
          "avg": 111646.8915767392
        },
        "T1z1Dmg": {
          "dmg": 28426.745503495622,
          "avg": 26986.294215115377
        },
        "T1allDmg": {
          "dmg": 4666830.680839961,
          "avg": 4657283.072525557
        }
      },
      "T2": {}
    }
  }
}